Workbook

Sheet BAU
A1: AQUECIMENTO
A2: Considerado:
A3: Radiador eléctrico, 1.5 kW, COP = 1
A5: ARREFECIMENTO
A6: Considerado:
A7: AC, 2.6 kW térmicos, COP = 2.6, caudal ar = 320 m3/h
A10: MODELAÇÃO DESIGNBUILDER:
A11: Aquecimento: 1 radiador eléctrico p/zona
A12: Arrefecimento: 1 packaged terminal air conditioner por zona apenas em arrefecimento

Sheet Multisplit
A1: NECESSIDADES TÉRMICAS (heating/cooling design)
B2: Heating (kW) | C2: Cooling (kW)
A5: A preencher (idêntico ao considerado anteriormente)
A8: MODELAÇÃO DESIGNBUILDER:
A9: Aquecimento/Arrefecimento: 1 packaged terminal heat pump por zona (com as especificações das unidades interiores do multisplit e os COP da unidade exterior)

Sheet HP
A1: NECESSIDADES TÉRMICAS (heating/cooling design)
B2: Heating (kW) | C2: Cooling (kW)
A5: A preencher (idêntico ao considerado anteriormente)
A8: MODELAÇÃO DESIGNBUILDER:
A9: Aquecimento: 1 bomba de calor ar-água (heating) que alimenta as serpentinas dos fancoils (1 por zona)
A10: Arrefecimento: 1 bomba de calor ar-água (cooling) que alimenta as serpentinas dos fancoils (1 por zona)

Sheet PV
B1: C (m) | C1: L (m) | D1: A (m2) | E1: P (W) | F1: P' (W/m2) | G1: P_12 m2 (W) | H1: n_módulos | I1: Eficiência (%) | J1: Link
A2: A | B2: 1.762 | C2: 1.134 | D2: =B2*C2 -> 1.998108 | E2: 455 | F2: =E2/D2 -> 227.71542 | G2: =F2*12 -> 2732.585 | H2: =12/D2 -> 6.0056814 | I2: 22.8 | J2: https://www.solarshop.pt/pt/hyundai-hyundai-455w-hit-h455le-fb-painel-solar-unidade
A3: B | B3: 1.762 | C3: 1.134 | D3: =B3*C3 -> 1.998108 | E3: 450 | F3: =E3/D3 -> 225.21305 | G3: =F3*12 -> 2702.5566 | H3: =12/D3 -> 6.0056814 | I3: 22.5 | J3: https://www.solarshop.pt/pt/dmegc-dmegc-450w---dm450g12rt-painel-solar-unidade
G4: =AVERAGE(G2:G3) -> 2717.5708 | H4: =AVERAGE(H2:H3) -> 6.0056814 | I4: =AVERAGE(I2:I3) -> 22.65
A5: Para 12 m2 tem-se:
A6: 6 módulos
A7: ~2700 W total
A8: Considera-se um performance ratio de 75% para se obter <1500 kWh/kWp/ano (típico de Coimbra): eficiência PV = 22.7*0.75 = ~17% (constante no programa; i.e., média que considera as variações diárias e sazonais)
A9: Considera-se uma inclinação de 30% (igual à inclinação do telhado)
A10: Orientação Sudoeste
A12: Inversor 97%
A13: Bateria 5 kWh, 95% effic

Sheet EPW
A1: Present day
A2: PRT_CN_Coimbra.AP.085480_TMYx.2007-2021
A3: https://climate.onebuilding.org/WMO_Region_6_Europe/PRT_Portugal/index.html
A4: Jan | B4: Feb | C4: Mar | D4: Apr | E4: May | F4: Jun | G4: Jul | H4: Aug | I4: Sep | J4: Oct | K4: Nov | L4: Dec
A5: 9.3 | B5: 10.2 | C5: 11.9 | D5: 14.4 | E5: 16 | F5: 18.4 | G5: 20.1 | H5: 20.9 | I5: 19.7 | J5: 17.2 | K5: 12.5 | L5: 11.1
A7: 2050 SSP2-4.5
A8: Morphed projections of PRT_CN_Coimbra.AP.085480_TMYx.2007-2021, using the Future Weather Generator v. 4.3.0 (ensemble of all CMIP6 models)
A9: https://future-weather-generator.adai.pt/
A10: Jan | B10: Feb | C10: Mar | D10: Apr | E10: May | F10: Jun | G10: Jul | H10: Aug | I10: Sep | J10: Oct | K10: Nov | L10: Dec
A11: 10.3 | B11: 11.2 | C11: 13 | D11: 15.7 | E11: 17.5 | F11: 20.2 | G11: 22.1 | H11: 22.8 | I11: 21.5 | J11: 18.9 | K11: 13.7 | L11: 12.1
A13: 2050 SSP3-7.0
A14: Morphed projections of PRT_CN_Coimbra.AP.085480_TMYx.2007-2021, using the Future Weather Generator v. 4.3.0 (ensemble of all CMIP6 models)
A15: https://future-weather-generator.adai.pt/
A16: Jan | B16: Feb | C16: Mar | D16: Apr | E16: May | F16: Jun | G16: Jul | H16: Aug | I16: Sep | J16: Oct | K16: Nov | L16: Dec
A17: 10.5 | B17: 11.4 | C17: 13 | D17: 15.8 | E17: 17.9 | F17: 20.5 | G17: 22.4 | H17: 23 | I17: 21.7 | J17: 19.1 | K17: 13.9 | L17: 12.5
A19: 2080 SSP3-7.0
A20: Morphed projections of PRT_CN_Coimbra.AP.085480_TMYx.2007-2021, using the Future Weather Generator v. 4.3.0 (ensemble of all CMIP6 models)
A21: https://future-weather-generator.adai.pt/
A22: Jan | B22: Feb | C22: Mar | D22: Apr | E22: May | F22: Jun | G22: Jul | H22: Aug | I22: Sep | J22: Oct | K22: Nov | L22: Dec
A23: 11.4 | B23: 12.3 | C23: 14 | D23: 17 | E23: 19.3 | F23: 22.2 | G23: 23.8 | H23: 24.4 | I23: 23.4 | J23: 20.5 | K23: 15.1 | L23: 13.4

Sheet BAU Results
B1: Building useful area (m2) | C1: 437.54
B2: Conditioned useful area (m2) | C2: 237.53
A4: PRESENT DAY
A6: BAU | G6: BAU
A7: Annual | G7: Monthly
A8: GEN. | B8: Equipment electricity (kWh) | C8: 6336.6 | H8: Lighting elect. (kWh) | I8: Equipment elect. (kWh) | J8: Fans elect. (kWh) | K8: Pumps elect. (kWh) | L8: Heating elect. (kWh) | M8: Cooling elect. (kWh)
B9: Lighting electricity (kWh) | C9: 866.71 | D9: Per building m2 | E9: Per conditioned m2 | G9: January | H9: 79.87 | I9: 587.12 | J9: 10.89 | K9: 0 | L9: 847.21 | M9: 0
A10: HVAC | B10: Heating thermal needs (kWh) | C10: 2896.84 | G10: February | H10: 73.11 | I10: 534.64 | J10: 9.21 | K10: 0 | L10: 636.08 | M10: 0
B11: Heating electricity (kWh) | C11: 3061.52 | D11: =C11/$C$1 -> 6.9971203 | E11: =C11/$C$2 -> 12.888982 | G11: March | H11: 85.5 | I11: 617.92 | J11: 7.97 | K11: 0 | L11: 398.39 | M11: 0
B12: Heating Setpoint Unmet Degree-Hours [°C·hr] - TOTAL | C12: 1894.65 | G12: April | H12: 73.11 | I12: 534.64 | J12: 5.27 | K12: 0 | L12: 204.47 | M12: 5.78
G13: May | H13: 83.76 | I13: 613.72 | J13: 1.98 | K13: 0 | L13: 41.51 | M13: 19.83
G14: June | H14: 79.87 | I14: 587.12 | J14: 0.63 | K14: 0 | L14: 3.07 | M14: 48.36
B15: Cooling thermal needs (kWh) | C15: 957.27 | G15: July | H15: 76.49 | I15: 560.88 | J15: 1.49 | K15: 0 | L15: 0.1 | M15: 139.2
B16: Cooling electricity (kWh) | C16: 367.58 | D16: =C16/$C$1 -> 0.84010605 | E16: =C16/$C$2 -> 1.5475098 | G16: August | H16: 0 | I16: 0 | J16: 0 | K16: 0 | L16: 0 | M16: 0
B17: Cooling Setpoint Unmet Degree-Hours [°C·hr] - TOTAL | C17: 18.78 | G17: September | H17: 78.23 | I17: 565.08 | J17: 1.43 | K17: 0 | L17: 0.38 | M17: 132.58
G18: October | H18: 79.87 | I18: 587.12 | J18: 1.03 | K18: 0 | L18: 15.27 | M18: 21.13
G19: November | H19: 80.39 | I19: 587.48 | J19: 7.05 | K19: 0 | L19: 354.16 | M19: 0.69
B20: Fans (kWh) | C20: 56.24 | G20: December | H20: 76.49 | I20: 560.88 | J20: 9.3 | K20: 0 | L20: 560.86 | M20: 0
A21: DHW | B21: Pumps (kWh)
B22: DHW thermal needs (kWh) | G22: Annual Sum | H22: 866.71 | I22: 6336.6 | J22: 56.24 | K22: 0 | L22: 3061.52 | M22: 367.58
B23: DHW nat. gas (kWh)
B24: -
B25: TOTAL ELECTRICITY (kWh) | C25: =C8+C9+C11+C16+C20+C21 -> 10688.65
A27: PV | B27: PV generation (kWh) | C27: 3748.942
B28: Net Storage (kWh) | C28: -35.37
B29: Inverter losses (kWh) | C29: -111.41
B30: Useful PV generation (kWh) | C30: =C27+C28+C29 -> 3602.162
B31: Surplus to utility (kWh) | C31: -1137.993
B32: Generation to building (kWh) | C32: =C30+C31 -> 2464.169
B33: Electricity from utility (kWh) | C33: 8224.472
B34: Building needs (kWh) | C34: =C32+C33 -> 10688.641
A40: 2050 SSP2-4.5
A42: BAU | G42: BAU
A43: Annual | G43: Monthly
A44: GEN. | B44: Equipment electricity (kWh) | C44: 6336.6 | H44: Lighting elect. (kWh) | I44: Equipment elect. (kWh) | J44: Fans elect. (kWh) | K44: Pumps elect. (kWh) | L44: Heating elect. (kWh) | M44: Cooling elect. (kWh)
B45: Lighting electricity (kWh) | C45: 866.71 | D45: Per building m2 | E45: Per conditioned m2 | G45: January | H45: 79.87 | I45: 587.12 | J45: 9.92 | K45: 0 | L45: 628.51 | M45: 0
A46: HVAC | B46: Heating thermal needs (kWh) | C46: 1890.76 | G46: February | H46: 73.11 | I46: 534.64 | J46: 8.2 | K46: 0 | L46: 463.11 | M46: 0
B47: Heating electricity (kWh) | C47: 2022.96 | D47: =C47/$C$1 -> 4.6234859 | E47: =C47/$C$2 -> 8.5166505 | G47: March | H47: 85.5 | I47: 617.92 | J47: 6.07 | K47: 0 | L47: 233.14 | M47: 1.01
B48: Heating Setpoint Unmet Degree-Hours [°C·hr] - TOTAL | C48: 1201.66 | G48: April | H48: 73.11 | I48: 534.64 | J48: 3.42 | K48: 0 | L48: 97.08 | M48: 19.92
G49: May | H49: 83.76 | I49: 613.72 | J49: 1.18 | K49: 0 | L49: 8.92 | M49: 60.88
G50: June | H50: 79.87 | I50: 587.12 | J50: 1.41 | K50: 0 | L50: 0.24 | M50: 132.72
B51: Cooling thermal needs (kWh) | C51: 2059.9 | G51: July | H51: 76.49 | I51: 560.88 | J51: 2.7 | K51: 0 | L51: 0 | M51: 252.86
B52: Cooling electricity (kWh) | C52: 779.99 | D52: =C52/$C$1 -> 1.7826713 | E52: =C52/$C$2 -> 3.2837536 | G52: August | H52: 0 | I52: 0 | J52: 0 | K52: 0 | L52: 0 | M52: 0
B53: Cooling Setpoint Unmet Degree-Hours [°C·hr] - TOTAL | C53: 85.67 | G53: September | H53: 78.23 | I53: 565.08 | J53: 2.56 | K53: 0 | L53: 0.01 | M53: 238.58
G54: October | H54: 79.87 | I54: 587.12 | J54: 0.81 | K54: 0 | L54: 1.62 | M54: 69.99
G55: November | H55: 80.39 | I55: 587.48 | J55: 5.29 | K55: 0 | L55: 205.48 | M55: 4.03
B56: Fans (kWh) | C56: 49.78 | G56: December | H56: 76.49 | I56: 560.88 | J56: 8.21 | K56: 0 | L56: 384.85 | M56: 0
A57: DHW | B57: Pumps (kWh)
B58: DHW thermal needs (kWh) | G58: Annual Sum | H58: 866.71 | I58: 6336.6 | J58: 49.78 | K58: 0 | L58: 2022.96 | M58: 779.99
B59: DHW nat. gas (kWh)
B60: -
B61: TOTAL ELECTRICITY (kWh) | C61: =C44+C45+C47+C52+C56+C57 -> 10056.04
A63: PV | B63: PV generation (kWh) | C63: 3762.571
B64: Net Storage (kWh) | C64: -36.52
B65: Inverter losses (kWh) | C65: -111.78
B66: Useful PV generation (kWh) | C66: =C63+C64+C65 -> 3614.271
B67: Surplus to utility (kWh) | C67: -1152.028
B68: Generation to building (kWh) | C68: =C66+C67 -> 2462.243
B69: Electricity from utility (kWh) | C69: 7593.796
B70: Building needs (kWh) | C70: =C68+C69 -> 10056.039
A75: 2050 SSP3-7.0
A77: BAU | G77: BAU
A78: Annual | G78: Monthly
A79: GEN. | B79: Equipment electricity (kWh) | C79: 6336.6 | H79: Lighting elect. (kWh) | I79: Equipment elect. (kWh) | J79: Fans elect. (kWh) | K79: Pumps elect. (kWh) | L79: Heating elect. (kWh) | M79: Cooling elect. (kWh)
B80: Lighting electricity (kWh) | C80: 866.71 | D80: Per building m2 | E80: Per conditioned m2 | G80: January | H80: 79.87 | I80: 587.12 | J80: 9.78 | K80: 0 | L80: 595.84 | M80: 0
A81: HVAC | B81: Heating thermal needs (kWh) | C81: 1776.24 | G81: February | H81: 73.11 | I81: 534.64 | J81: 7.94 | K81: 0 | L81: 438 | M81: 0
B82: Heating electricity (kWh) | C82: 1903.46 | D82: =C82/$C$1 -> 4.350368 | E82: =C82/$C$2 -> 8.0135562 | G82: March | H82: 85.5 | I82: 617.92 | J82: 6.03 | K82: 0 | L82: 229.12 | M82: 1
B83: Heating Setpoint Unmet Degree-Hours [°C·hr] - TOTAL | C83: 1123.94 | G83: April | H83: 73.11 | I83: 534.64 | J83: 3.28 | K83: 0 | L83: 91.15 | M83: 20.7
G84: May | H84: 83.76 | I84: 613.72 | J84: 1.07 | K84: 0 | L84: 6.59 | M84: 68.44
G85: June | H85: 79.87 | I85: 587.12 | J85: 1.55 | K85: 0 | L85: 0.18 | M85: 145.6
B86: Cooling thermal needs (kWh) | C86: 2196.3 | G86: July | H86: 76.49 | I86: 560.88 | J86: 2.82 | K86: 0 | L86: 0 | M86: 264.49
B87: Cooling electricity (kWh) | C87: 832 | D87: =C87/$C$1 -> 1.9015404 | E87: =C87/$C$2 -> 3.5027154 | G87: August | H87: 0 | I87: 0 | J87: 0 | K87: 0 | L87: 0 | M87: 0
B88: Cooling Setpoint Unmet Degree-Hours [°C·hr] - TOTAL | C88: 96.07 | G88: September | H88: 78.23 | I88: 565.08 | J88: 2.69 | K88: 0 | L88: 0 | M88: 250.59
G89: October | H89: 79.87 | I89: 587.12 | J89: 0.86 | K89: 0 | L89: 1.26 | M89: 76.46
G90: November | H90: 80.39 | I90: 587.48 | J90: 5.07 | K90: 0 | L90: 189.47 | M90: 4.71
B91: Fans (kWh) | C91: 48.96 | G91: December | H91: 76.49 | I91: 560.88 | J91: 7.89 | K91: 0 | L91: 351.85 | M91: 0
A92: DHW | B92: Pumps (kWh)
B93: DHW thermal needs (kWh) | G93: Annual Sum | H93: 866.71 | I93: 6336.6 | J93: 48.96 | K93: 0 | L93: 1903.46 | M93: 832
B94: DHW nat. gas (kWh)
B95: -
B96: TOTAL ELECTRICITY (kWh) | C96: =C79+C80+C82+C87+C91+C92 -> 9987.73
A98: PV | B98: PV generation (kWh) | C98: 3758.017
B99: Net Storage (kWh) | C99: -36.51
B100: Inverter losses (kWh) | C100: -111.65
B101: Useful PV generation (kWh) | C101: =C98+C99+C100 -> 3609.857
B102: Surplus to utility (kWh) | C102: -1149.342
B103: Generation to building (kWh) | C103: =C101+C102 -> 2460.515
B104: Electricity from utility (kWh) | C104: 7527.213
B105: Building needs (kWh) | C105: =C103+C104 -> 9987.728
A110: 2080 SSP3-7.0
A112: BAU | G112: BAU
A113: Annual | G113: Monthly
A114: GEN. | B114: Equipment electricity (kWh) | C114: 6336.6 | H114: Lighting elect. (kWh) | I114: Equipment elect. (kWh) | J114: Fans elect. (kWh) | K114: Pumps elect. (kWh) | L114: Heating elect. (kWh) | M114: Cooling elect. (kWh)
B115: Lighting electricity (kWh) | C115: 866.71 | D115: Per building m2 | E115: Per conditioned m2 | G115: January | H115: 79.87 | I115: 587.12 | J115: 9.18 | K115: 0 | L115: 479.56 | M115: 0
A116: HVAC | B116: Heating thermal needs (kWh) | C116: 1288.72 | G116: February | H116: 73.11 | I116: 534.64 | J116: 7.17 | K116: 0 | L116: 345.41 | M116: 0
B117: Heating electricity (kWh) | C117: 1388.28 | D117: =C117/$C$1 -> 3.1729213 | E117: =C117/$C$2 -> 5.8446512 | G117: March | H117: 85.5 | I117: 617.92 | J117: 4.7 | K117: 0 | L117: 149.57 | M117: 3.31
B118: Heating Setpoint Unmet Degree-Hours [°C·hr] - TOTAL | C118: 806.87 | G118: April | H118: 73.11 | I118: 534.64 | J118: 2.29 | K118: 0 | L118: 46.67 | M118: 33.51
G119: May | H119: 83.76 | I119: 613.72 | J119: 1.27 | K119: 0 | L119: 1.42 | M119: 113.33
G120: June | H120: 79.87 | I120: 587.12 | J120: 2.34 | K120: 0 | L120: 0.02 | M120: 221.51
B121: Cooling thermal needs (kWh) | C121: 3111.28 | G121: July | H121: 76.49 | I121: 560.88 | J121: 3.58 | K121: 0 | L121: 0 | M121: 338.95
...

Sheet Multisplit Results
B1: Building useful area (m2) | C1: ='BAU Results'!C1 -> 437.54
B2: Conditioned useful area (m2) | C2: ='BAU Results'!C2 -> 237.53
A4: PRESENT DAY
A6: Multisplit | G6: Multisplit
A7: Annual | G7: Monthly
A8: GEN. | B8: Equipment electricity (kWh) | C8: 6336.6 | H8: Lighting elect. (kWh) | I8: Equipment elect. (kWh) | J8: Fans elect. (kWh) | K8: Pumps elect. (kWh) | L8: Heating elect. (kWh) | M8: Cooling elect. (kWh)
B9: Lighting electricity (kWh) | C9: 866.71 | D9: Per building m2 | E9: Per conditioned m2 | G9: January | H9: 79.87 | I9: 587.12 | J9: 3.96 | K9: 0 | L9: 180.17 | M9: 0
A10: HVAC | B10: Heating thermal needs (kWh) | C10: ='BAU Results'!C10 -> 2896.84 | G10: February | H10: 73.11 | I10: 534.64 | J10: 2.93 | K10: 0 | L10: 135.79 | M10: 0
B11: Heating electricity (kWh) | C11: 642.54 | D11: =C11/$C$1 -> 1.4685286 | E11: =C11/$C$2 -> 2.7050899 | G11: March | H11: 85.5 | I11: 617.92 | J11: 1.8 | K11: 0 | L11: 83.25 | M11: 0
B12: Heating Setpoint Unmet Degree-Hours [°C·hr] - TOTAL | C12: 180.54 | G12: April | H12: 73.11 | I12: 534.64 | J12: 0.97 | K12: 0 | L12: 41.4 | M12: 3.53
G13: May | H13: 83.76 | I13: 613.72 | J13: 0.43 | K13: 0 | L13: 8.23 | M13: 11.98
G14: June | H14: 79.87 | I14: 587.12 | J14: 0.62 | K14: 0 | L14: 0.6 | M14: 29.58
B15: Cooling thermal needs (kWh) | C15: ='BAU Results'!C15 -> 957.27 | G15: July | H15: 76.49 | I15: 560.88 | J15: 1.92 | K15: 0 | L15: 0.02 | M15: 85.07
B16: Cooling electricity (kWh) | C16: 224.55 | D16: =C16/$C$1 -> 0.51321022 | E16: =C16/$C$2 -> 0.94535427 | G16: August | H16: 0 | I16: 0 | J16: 0 | K16: 0 | L16: 0 | M16: 0
B17: Cooling Setpoint Unmet Degree-Hours [°C·hr] - TOTAL | C17: 3.96 | G17: September | H17: 78.23 | I17: 565.08 | J17: 1.77 | K17: 0 | L17: 0.07 | M17: 80.94
G18: October | H18: 79.87 | I18: 587.12 | J18: 0.31 | K18: 0 | L18: 3.07 | M18: 13.08
G19: November | H19: 80.39 | I19: 587.48 | J19: 1.6 | K19: 0 | L19: 73.54 | M19: 0.38
B20: Fans (kWh) | C20: 18.82 | G20: December | H20: 76.49 | I20: 560.88 | J20: 2.51 | K20: 0 | L20: 116.39 | M20: 0
A21: DHW | B21: Pumps (kWh)
B22: DHW thermal needs (kWh) | G22: Annual Sum | H22: 866.71 | I22: 6336.6 | J22: 18.82 | K22: 0 | L22: 642.54 | M22: 224.55
B23: DHW electricity HP (kWh)
B24: DHW electricity backup (kWh)
B25: TOTAL ELECTRICITY (kWh) | C25: =C8+C9+C11+C16+C20+C21+C23+C24 -> 8089.22
A27: PV | B27: PV generation (kWh) | C27: 3748.942
B28: Net Storage (kWh) | C28: -35.37
B29: Inverter losses (kWh) | C29: -111.41
B30: Useful PV generation (kWh) | C30: =C27+C28+C29 -> 3602.162
B31: Surplus to utility (kWh) | C31: -1137.993
B32: Generation to building (kWh) | C32: =C30+C31 -> 2464.169
B33: Electricity from utility (kWh) | C33: 5625.052
B34: Building needs (kWh) | C34: =C32+C33 -> 8089.221
A39: 2050 SSP2-4.5
A41: Multisplit | G41: Multisplit
A42: Annual | G42: Monthly
A43: GEN. | B43: Equipment electricity (kWh) | C43: 6336.6 | H43: Lighting elect. (kWh) | I43: Equipment elect. (kWh) | J43: Fans elect. (kWh) | K43: Pumps elect. (kWh) | L43: Heating elect. (kWh) | M43: Cooling elect. (kWh)
B44: Lighting electricity (kWh) | C44: 866.71 | D44: Per building m2 | E44: Per conditioned m2 | G44: January | H44: 79.87 | I44: 587.12 | J44: 2.89 | K44: 0 | L44: 131.11 | M44: 0
A45: HVAC | B45: Heating thermal needs (kWh) | C45: ='BAU Results'!C46 -> 1890.76 | G45: February | H45: 73.11 | I45: 534.64 | J45: 2.09 | K45: 0 | L45: 97.32 | M45: 0
B46: Heating electricity (kWh) | C46: 417.95 | D46: =C46/$C$1 -> 0.95522695 | E46: =C46/$C$2 -> 1.7595672 | G46: March | H46: 85.5 | I46: 617.92 | J46: 1.05 | K46: 0 | L46: 47.88 | M46: 0.66
B47: Heating Setpoint Unmet Degree-Hours [°C·hr] - TOTAL | C47: 108.59 | G47: April | H47: 73.11 | I47: 534.64 | J47: 0.65 | K47: 0 | L47: 19.37 | M47: 12.54
G48: May | H48: 83.76 | I48: 613.72 | J48: 0.85 | K48: 0 | L48: 1.76 | M48: 37.14
G49: June | H49: 79.87 | I49: 587.12 | J49: 1.79 | K49: 0 | L49: 0.05 | M49: 80.99
B50: Cooling thermal needs (kWh) | C50: ='BAU Results'!C51 -> 2059.9 | G50: July | H50: 76.49 | I50: 560.88 | J50: 3.59 | K50: 0 | L50: 0 | M50: 153.13
B51: Cooling electricity (kWh) | C51: 476.47 | D51: =C51/$C$1 -> 1.0889747 | E51: =C51/$C$2 -> 2.0059361 | G51: August | H51: 0 | I51: 0 | J51: 0 | K51: 0 | L51: 0 | M51: 0
B52: Cooling Setpoint Unmet Degree-Hours [°C·hr] - TOTAL | C52: 30.4 | G52: September | H52: 78.23 | I52: 565.08 | J52: 3.33 | K52: 0 | L52: 0 | M52: 146.73
G53: October | H53: 79.87 | I53: 587.12 | J53: 0.92 | K53: 0 | L53: 0.33 | M53: 42.96
G54: November | H54: 80.39 | I54: 587.48 | J54: 0.97 | K54: 0 | L54: 41.78 | M54: 2.31
B55: Fans (kWh) | C55: 19.83 | G55: December | H55: 76.49 | I55: 560.88 | J55: 1.7 | K55: 0 | L55: 78.34 | M55: 0
A56: DHW | B56: Pumps (kWh)
B57: DHW thermal needs (kWh) | G57: Annual Sum | H57: 866.71 | I57: 6336.6 | J57: 19.83 | K57: 0 | L57: 417.95 | M57: 476.47
B58: DHW electricity HP (kWh)
B59: DHW electricity backup (kWh)
B60: TOTAL ELECTRICITY (kWh) | C60: =C43+C44+C46+C51+C55+C56+C58+C59 -> 8117.56
A62: PV | B62: PV generation (kWh) | C62: 3762.571
B63: Net Storage (kWh) | C63: -36.52
B64: Inverter losses (kWh) | C64: -111.78
B65: Useful PV generation (kWh) | C65: =C62+C63+C64 -> 3614.271
B66: Surplus to utility (kWh) | C66: -1152.028
B67: Generation to building (kWh) | C67: =C65+C66 -> 2462.243
B68: Electricity from utility (kWh) | C68: 5655.31
B69: Building needs (kWh) | C69: =C67+C68 -> 8117.553
A74: 2050 SSP3-7.0
A76: Multisplit | G76: Multisplit
A77: Annual | G77: Monthly
A78: GEN. | B78: Equipment electricity (kWh) | C78: 6336.6 | H78: Lighting elect. (kWh) | I78: Equipment elect. (kWh) | J78: Fans elect. (kWh) | K78: Pumps elect. (kWh) | L78: Heating elect. (kWh) | M78: Cooling elect. (kWh)
B79: Lighting electricity (kWh) | C79: 866.71 | D79: Per building m2 | E79: Per conditioned m2 | G79: January | H79: 79.87 | I79: 587.12 | J79: 2.73 | K79: 0 | L79: 123.88 | M79: 0
A80: HVAC | B80: Heating thermal needs (kWh) | C80: ='BAU Results'!C81 -> 1776.24 | G80: February | H80: 73.11 | I80: 534.64 | J80: 1.97 | K80: 0 | L80: 91.78 | M80: 0
B81: Heating electricity (kWh) | C81: 392.16 | D81: =C81/$C$1 -> 0.89628377 | E81: =C81/$C$2 -> 1.6509915 | G81: March | H81: 85.5 | I81: 617.92 | J81: 1.04 | K81: 0 | L81: 47.04 | M81: 0.65
B82: Heating Setpoint Unmet Degree-Hours [°C·hr] - TOTAL | C82: 100.97 | G82: April | H82: 73.11 | I82: 534.64 | J82: 0.63 | K82: 0 | L82: 18.15 | M82: 13.07
G83: May | H83: 83.76 | I83: 613.72 | J83: 0.95 | K83: 0 | L83: 1.27 | M83: 41.65
G84: June | H84: 79.87 | I84: 587.12 | J84: 1.98 | K84: 0 | L84: 0.04 | M84: 88.83
B85: Cooling thermal needs (kWh) | C85: ='BAU Results'!C86 -> 2196.3 | G85: July | H85: 76.49 | I85: 560.88 | J85: 3.75 | K85: 0 | L85: 0 | M85: 160.01
B86: Cooling electricity (kWh) | C86: 507.86 | D86: =C86/$C$1 -> 1.1607167 | E86: =C86/$C$2 -> 2.1380878 | G86: August | H86: 0 | I86: 0 | J86: 0 | K86: 0 | L86: 0 | M86: 0
B87: Cooling Setpoint Unmet Degree-Hours [°C·hr] - TOTAL | C87: 35.96 | G87: September | H87: 78.23 | I87: 565.08 | J87: 3.51 | K87: 0 | L87: 0 | M87: 154.02
G88: October | H88: 79.87 | I88: 587.12 | J88: 1.01 | K88: 0 | L88: 0.26 | M88: 46.93
G89: November | H89: 80.39 | I89: 587.48 | J89: 0.9 | K89: 0 | L89: 38.42 | M89: 2.71
B90: Fans (kWh) | C90: 20.02 | G90: December | H90: 76.49 | I90: 560.88 | J90: 1.54 | K90: 0 | L90: 71.32 | M90: 0
A91: DHW | B91: Pumps (kWh)
B92: DHW thermal needs (kWh) | G92: Annual Sum | H92: 866.71 | I92: 6336.6 | J92: 20.02 | K92: 0 | L92: 392.16 | M92: 507.86
B93: DHW electricity HP (kWh)
B94: DHW electricity backup (kWh)
B95: TOTAL ELECTRICITY (kWh) | C95: =C78+C79+C81+C86+C90+C91+C93+C94 -> 8123.35
A97: PV | B97: PV generation (kWh) | C97: 3758.017
B98: Net Storage (kWh) | C98: -36.51
B99: Inverter losses (kWh) | C99: -111.65
B100: Useful PV generation (kWh) | C100: =C97+C98+C99 -> 3609.857
B101: Surplus to utility (kWh) | C101: -1149.342
B102: Generation to building (kWh) | C102: =C100+C101 -> 2460.515
B103: Electricity from utility (kWh) | C103: 5662.825
B104: Building needs (kWh) | C104: =C102+C103 -> 8123.34
A109: 2080 SSP3-7.0
A111: Multisplit | G111: Multisplit
A112: Annual | G112: Monthly
A113: GEN. | B113: Equipment electricity (kWh) | C113: 6336.6 | H113: Lighting elect. (kWh) | I113: Equipment elect. (kWh) | J113: Fans elect. (kWh) | K113: Pumps elect. (kWh) | L113: Heating elect. (kWh) | M113: Cooling elect. (kWh)
B114: Lighting electricity (kWh) | C114: 866.71 | D114: Per building m2 | E114: Per conditioned m2 | G114: January | H114: 79.87 | I114: 587.12 | J114: 2.16 | K114: 0 | L114: 98.17 | M114: 0
A115: HVAC | B115: Heating thermal needs (kWh) | C115: ='BAU Results'!C116 -> 1288.72 | G115: February | H115: 73.11 | I115: 534.64 | J115: 1.53 | K115: 0 | L115: 71.36 | M115: 0
B116: Heating electricity (kWh) | C116: 282.79 | D116: =C116/$C$1 -> 0.64631805 | E116: =C116/$C$2 -> 1.1905444 | G116: March | H116: 85.5 | I116: 617.92 | J116: 0.7 | K116: 0 | L116: 30.49 | M116: 2.12
B117: Heating Setpoint Unmet Degree-Hours [°C·hr] - TOTAL | C117: 68.35 | G117: April | H117: 73.11 | I117: 534.64 | J117: 0.6 | K117: 0 | L117: 9.26 | M117: 21
G118: May | H118: 83.76 | I118: 613.72 | J118: 1.57 | K118: 0 | L118: 0.28 | M118: 68.93
G119: June | H119: 79.87 | I119: 587.12 | J119: 3.08 | K119: 0 | L119: 0 | M119: 134.81
B120: Cooling thermal needs (kWh) | C120: ='BAU Results'!C121 -> 3111.28 | G120: July | H120: 76.49 | I120: 560.88 | J120: 4.8 | K120: 0 | L120: 0 | M120: 203.55
...

Sheet HP Results
B1: Building useful area (m2) | C1: ='BAU Results'!C1 -> 437.54
B2: Conditioned useful area (m2) | C2: ='BAU Results'!C2 -> 237.53
A4: PRESENT DAY
A6: HP | G6: HP
A7: Annual | G7: Monthly
A8: GEN. | B8: Equipment electricity (kWh) | C8: 6336.6 | H8: Lighting elect. (kWh) | I8: Equipment elect. (kWh) | J8: Fans elect. (kWh) | K8: Pumps elect. (kWh) | L8: Heating elect. (kWh) | M8: Cooling elect. (kWh)
B9: Lighting electricity (kWh) | C9: 866.71 | D9: Per building m2 | E9: Per conditioned m2 | G9: January | H9: 79.87 | I9: 587.12 | J9: 3.51 | K9: 20.86 | L9: 246.73 | M9: 0
A10: HVAC | B10: Heating thermal needs (kWh) | C10: ='BAU Results'!C10 -> 2896.84 | G10: February | H10: 73.11 | I10: 534.64 | J10: 2.68 | K10: 16.48 | L10: 184.81 | M10: 0
B11: Heating electricity (kWh) | C11: 870.01 | D11: =C11/$C$1 -> 1.9884125 | E11: =C11/$C$2 -> 3.6627373 | G11: March | H11: 85.5 | I11: 617.92 | J11: 1.73 | K11: 11.15 | L11: 110.56 | M11: 0
B12: Heating Setpoint Unmet Degree-Hours [°C·hr] - TOTAL | C12: 82.65 | G12: April | H12: 73.11 | I12: 534.64 | J12: 1 | K12: 6.54 | L12: 55 | M12: 0.56
G13: May | H13: 83.76 | I13: 613.72 | J13: 0.52 | K13: 3.38 | L13: 11.21 | M13: 2.03
G14: June | H14: 79.87 | I14: 587.12 | J14: 0.64 | K14: 4.17 | L14: 0.89 | M14: 6.48
B15: Cooling thermal needs (kWh) | C15: ='BAU Results'!C15 -> 957.27 | G15: July | H15: 76.49 | I15: 560.88 | J15: 1.92 | K15: 11.39 | L15: 0.03 | M15: 27.68
B16: Cooling electricity (kWh) | C16: 60.85 | D16: =C16/$C$1 -> 0.139073 | E16: =C16/$C$2 -> 0.25617817 | G16: August | H16: 0 | I16: 0 | J16: 0 | K16: 0 | L16: 0 | M16: 0
B17: Cooling Setpoint Unmet Degree-Hours [°C·hr] - TOTAL | C17: 1.1 | G17: September | H17: 78.23 | I17: 565.08 | J17: 1.82 | K17: 10.83 | L17: 0.12 | M17: 21.67
G18: October | H18: 79.87 | I18: 587.12 | J18: 0.39 | K18: 2.42 | L18: 4.39 | M18: 2.37
G19: November | H19: 80.39 | I19: 587.48 | J19: 1.54 | K19: 9.93 | L19: 98.13 | M19: 0.05
B20: Fans (kWh) | C20: 18.1 | G20: December | H20: 76.49 | I20: 560.88 | J20: 2.36 | K20: 15.08 | L20: 158.14 | M20: 0
A21: DHW | B21: Pumps (kWh) | C21: 112.23
B22: DHW thermal needs (kWh) | G22: Annual Sum | H22: 866.71 | I22: 6336.6 | J22: 18.1 | K22: 112.23 | L22: 870.01 | M22: 60.85
B23: DHW electricity HP (kWh)
B24: DHW electricity backup (kWh)
B25: TOTAL ELECTRICITY (kWh) | C25: =C8+C9+C11+C16+C20+C21+C23+C24 -> 8264.5
A27: PV | B27: PV generation (kWh) | C27: 3748.942
B28: Net Storage (kWh) | C28: -35.37
B29: Inverter losses (kWh) | C29: -111.41
B30: Useful PV generation (kWh) | C30: =C27+C28+C29 -> 3602.162
B31: Surplus to utility (kWh) | C31: -1137.998
B32: Generation to building (kWh) | C32: =C30+C31 -> 2464.164
B33: Electricity from utility (kWh) | C33: 5800.337
B34: Building needs (kWh) | C34: =C32+C33 -> 8264.501
A38: 2050 SSP2-4.5
A40: HP | G40: HP
A41: Annual | G41: Monthly
A42: GEN. | B42: Equipment electricity (kWh) | C42: 6336.6 | H42: Lighting elect. (kWh) | I42: Equipment elect. (kWh) | J42: Fans elect. (kWh) | K42: Pumps elect. (kWh) | L42: Heating elect. (kWh) | M42: Cooling elect. (kWh)
B43: Lighting electricity (kWh) | C43: 866.71 | D43: Per building m2 | E43: Per conditioned m2 | G43: January | H43: 79.87 | I43: 587.12 | J43: 2.54 | K43: 16.18 | L43: 176.9 | M43: 0
A44: HVAC | B44: Heating thermal needs (kWh) | C44: ='BAU Results'!C46 -> 1890.76 | G44: February | H44: 73.11 | I44: 534.64 | J44: 1.93 | K44: 12.37 | L44: 130.84 | M44: 0
B45: Heating electricity (kWh) | C45: 560.99 | D45: =C45/$C$1 -> 1.2821456 | E45: =C45/$C$2 -> 2.3617648 | G45: March | H45: 85.5 | I45: 617.92 | J45: 1.05 | K45: 6.82 | L45: 63.13 | M45: 0.08
B46: Heating Setpoint Unmet Degree-Hours [°C·hr] - TOTAL | C46: 49.13 | G46: April | H46: 73.11 | I46: 534.64 | J46: 0.73 | K46: 4.64 | L46: 25.79 | M46: 2.45
G47: May | H47: 83.76 | I47: 613.72 | J47: 0.94 | K47: 5.98 | L47: 2.51 | M47: 7.49
G48: June | H48: 79.87 | I48: 587.12 | J48: 1.78 | K48: 10.8 | L48: 0.06 | M48: 23.43
B49: Cooling thermal needs (kWh) | C49: ='BAU Results'!C51 -> 2059.9 | G49: July | H49: 76.49 | I49: 560.88 | J49: 3.48 | K49: 19.12 | L49: 0 | M49: 66.75
B50: Cooling electricity (kWh) | C50: 166.85 | D50: =C50/$C$1 -> 0.38133656 | E50: =C50/$C$2 -> 0.70243759 | G50: August | H50: 0 | I50: 0 | J50: 0 | K50: 0 | L50: 0 | M50: 0
B51: Cooling Setpoint Unmet Degree-Hours [°C·hr] - TOTAL | C51: 9.1 | G51: September | H51: 78.23 | I51: 565.08 | J51: 3.38 | K51: 18.01 | L51: 0 | M51: 56.99
G52: October | H52: 79.87 | I52: 587.12 | J52: 0.97 | K52: 6.17 | L52: 0.57 | M52: 9.25
G53: November | H53: 80.39 | I53: 587.48 | J53: 0.96 | K53: 6.25 | L53: 55.6 | M53: 0.39
B54: Fans (kWh) | C54: 19.39 | G54: December | H54: 76.49 | I54: 560.88 | J54: 1.63 | K54: 10.67 | L54: 105.58 | M54: 0
A55: DHW | B55: Pumps (kWh) | C55: 116.99
B56: DHW thermal needs (kWh) | G56: Annual Sum | H56: 866.71 | I56: 6336.6 | J56: 19.39 | K56: 116.99 | L56: 560.99 | M56: 166.85
B57: DHW electricity HP (kWh)
B58: DHW electricity backup (kWh)
B59: TOTAL ELECTRICITY (kWh) | C59: =C42+C43+C45+C50+C54+C55+C57+C58 -> 8067.53
A61: PV | B61: PV generation (kWh) | C61: 3762.571
B62: Net Storage (kWh) | C62: -36.52
B63: Inverter losses (kWh) | C63: -111.78
B64: Useful PV generation (kWh) | C64: =C61+C62+C63 -> 3614.271
B65: Surplus to utility (kWh) | C65: -1152.034
B66: Generation to building (kWh) | C66: =C64+C65 -> 2462.237
B67: Electricity from utility (kWh) | C67: 5605.3
B68: Building needs (kWh) | C68: =C66+C67 -> 8067.537
A73: 2050 SSP3-7.0
A75: HP | G75: HP
A76: Annual | G76: Monthly
A77: GEN. | B77: Equipment electricity (kWh) | C77: 6336.6 | H77: Lighting elect. (kWh) | I77: Equipment elect. (kWh) | J77: Fans elect. (kWh) | K77: Pumps elect. (kWh) | L77: Heating elect. (kWh) | M77: Cooling elect. (kWh)
B78: Lighting electricity (kWh) | C78: 866.71 | D78: Per building m2 | E78: Per conditioned m2 | G78: January | H78: 79.87 | I78: 587.12 | J78: 2.41 | K78: 15.42 | L78: 166.93 | M78: 0
A79: HVAC | B79: Heating thermal needs (kWh) | C79: ='BAU Results'!C81 -> 1776.24 | G79: February | H79: 73.11 | I79: 534.64 | J79: 1.82 | K79: 11.73 | L79: 123.28 | M79: 0
B80: Heating electricity (kWh) | C80: 526.04 | D80: =C80/$C$1 -> 1.2022672 | E80: =C80/$C$2 -> 2.2146255 | G80: March | H80: 85.5 | I80: 617.92 | J80: 1.03 | K80: 6.69 | L80: 62.02 | M80: 0.08
B81: Heating Setpoint Unmet Degree-Hours [°C·hr] - TOTAL | C81: 45.01 | G81: April | H81: 73.11 | I81: 534.64 | J81: 0.71 | K81: 4.52 | L81: 24.2 | M81: 2.59
G82: May | H82: 83.76 | I82: 613.72 | J82: 1.04 | K82: 6.45 | L82: 1.85 | M82: 8.7
G83: June | H83: 79.87 | I83: 587.12 | J83: 1.96 | K83: 11.78 | L83: 0.05 | M83: 26.61
B84: Cooling thermal needs (kWh) | C84: ='BAU Results'!C86 -> 2196.3 | G84: July | H84: 76.49 | I84: 560.88 | J84: 3.65 | K84: 19.62 | L84: 0 | M84: 71.82
B85: Cooling electricity (kWh) | C85: 182.79 | D85: =C85/$C$1 -> 0.41776752 | E85: =C85/$C$2 -> 0.7695449 | G85: August | H85: 0 | I85: 0 | J85: 0 | K85: 0 | L85: 0 | M85: 0
B86: Cooling Setpoint Unmet Degree-Hours [°C·hr] - TOTAL | C86: 11.4 | G86: September | H86: 78.23 | I86: 565.08 | J86: 3.56 | K86: 18.62 | L86: 0 | M86: 62.22
G87: October | H87: 79.87 | I87: 587.12 | J87: 1.06 | K87: 6.65 | L87: 0.46 | M87: 10.31
G88: November | H88: 80.39 | I88: 587.48 | J88: 0.9 | K88: 5.86 | L88: 51.18 | M88: 0.46
B89: Fans (kWh) | C89: 19.64 | G89: December | H89: 76.49 | I89: 560.88 | J89: 1.5 | K89: 9.81 | L89: 96.07 | M89: 0
A90: DHW | B90: Pumps (kWh) | C90: 117.14
B91: DHW thermal needs (kWh) | G91: Annual Sum | H91: 866.71 | I91: 6336.6 | J91: 19.64 | K91: 117.14 | L91: 526.04 | M91: 182.79
B92: DHW electricity HP (kWh)
B93: DHW electricity backup (kWh)
B94: TOTAL ELECTRICITY (kWh) | C94: =C77+C78+C80+C85+C89+C90+C92+C93 -> 8048.92
A96: PV | B96: PV generation (kWh) | C96: 3758.017
B97: Net Storage (kWh) | C97: -36.51
B98: Inverter losses (kWh) | C98: -111.65
B99: Useful PV generation (kWh) | C99: =C96+C97+C98 -> 3609.857
B100: Surplus to utility (kWh) | C100: -1149.345
B101: Generation to building (kWh) | C101: =C99+C100 -> 2460.512
B102: Electricity from utility (kWh) | C102: 5588.401
B103: Building needs (kWh) | C103: =C101+C102 -> 8048.913
A108: 2080 SSP3-7.0
A110: HP | G110: HP
A111: Annual | G111: Monthly
A112: GEN. | B112: Equipment electricity (kWh) | C112: 6336.6 | H112: Lighting elect. (kWh) | I112: Equipment elect. (kWh) | J112: Fans elect. (kWh) | K112: Pumps elect. (kWh) | L112: Heating elect. (kWh) | M112: Cooling elect. (kWh)
B113: Lighting electricity (kWh) | C113: 866.71 | D113: Per building m2 | E113: Per conditioned m2 | G113: January | H113: 79.87 | I113: 587.12 | J113: 1.94 | K113: 12.64 | L113: 132.15 | M113: 0
A114: HVAC | B114: Heating thermal needs (kWh) | C114: ='BAU Results'!C116 -> 1288.72 | G114: February | H114: 73.11 | I114: 534.64 | J114: 1.44 | K114: 9.36 | L114: 95.7 | M114: 0
B115: Heating electricity (kWh) | C115: 379.76 | D115: =C115/$C$1 -> 0.8679435 | E115: =C115/$C$2 -> 1.5987875 | G115: March | H115: 85.5 | I115: 617.92 | J115: 0.73 | K115: 4.71 | L115: 40.3 | M115: 0.3
B116: Heating Setpoint Unmet Degree-Hours [°C·hr] - TOTAL | C116: 28.66 | G116: April | H116: 73.11 | I116: 534.64 | J116: 0.69 | K116: 4.08 | L116: 12.54 | M116: 4.86
G117: May | H117: 83.76 | I117: 613.72 | J117: 1.65 | K117: 9.67 | L117: 0.44 | M117: 17.93
G118: June | H118: 79.87 | I118: 587.12 | J118: 2.95 | K118: 16.91 | L118: 0.01 | M118: 49.89
B119: Cooling thermal needs (kWh) | C119: ='BAU Results'!C121 -> 3111.28 | G119: July | H119: 76.49 | I119: 560.88 | J119: 4.69 | K119: 22.76 | L119: 0 | M119: 109.78
...
